.hmiAlarms.slitter.safetyCircuitFault,BOOL,,,,Var,ReadWrite,0
.hmiAlarms.slitter.slitterHomeNotCompleteFault,BOOL,,,,Var,ReadWrite,1
.hmiAlarms.slitter.slitterTractionNotEnabledFault,BOOL,,,,Var,ReadWrite,2
.hmiAlarms.slitter.knife01Fault,BOOL,,,,Var,ReadWrite,3
.hmiAlarms.slitter.knife02Fault,BOOL,,,,Var,ReadWrite,4
.hmiAlarms.slitter.knife03Fault,BOOL,,,,Var,ReadWrite,5
.hmiAlarms.slitter.knife04Fault,BOOL,,,,Var,ReadWrite,6
.hmiAlarms.slitter.knife05Fault,BOOL,,,,Var,ReadWrite,7
.hmiAlarms.slitter.knife06Fault,BOOL,,,,Var,ReadWrite,8
.hmiAlarms.slitter.knife07Fault,BOOL,,,,Var,ReadWrite,9
.hmiAlarms.slitter.upperScorer01Fault,BOOL,,,,Var,ReadWrite,10
.hmiAlarms.slitter.upperScorer02Fault,BOOL,,,,Var,ReadWrite,11
.hmiAlarms.slitter.upperScorer03Fault,BOOL,,,,Var,ReadWrite,12
.hmiAlarms.slitter.upperScorer04Fault,BOOL,,,,Var,ReadWrite,13
.hmiAlarms.slitter.upperScorer05Fault,BOOL,,,,Var,ReadWrite,14
.hmiAlarms.slitter.upperScorer06Fault,BOOL,,,,Var,ReadWrite,15
.hmiAlarms.slitter.upperScorer07Fault,BOOL,,,,Var,ReadWrite,16
.hmiAlarms.slitter.upperScorer08Fault,BOOL,,,,Var,ReadWrite,17
.hmiAlarms.slitter.upperScorer09Fault,BOOL,,,,Var,ReadWrite,18
.hmiAlarms.slitter.upperScorer10Fault,BOOL,,,,Var,ReadWrite,19
.hmiAlarms.slitter.upperScorer11Fault,BOOL,,,,Var,ReadWrite,20
.hmiAlarms.slitter.upperScorer12Fault,BOOL,,,,Var,ReadWrite,21
.hmiAlarms.slitter.lowerScorer01Fault,BOOL,,,,Var,ReadWrite,22
.hmiAlarms.slitter.lowerScorer02Fault,BOOL,,,,Var,ReadWrite,23
.hmiAlarms.slitter.lowerScorer03Fault,BOOL,,,,Var,ReadWrite,24
.hmiAlarms.slitter.lowerScorer04Fault,BOOL,,,,Var,ReadWrite,25
.hmiAlarms.slitter.lowerScorer05Fault,BOOL,,,,Var,ReadWrite,26
.hmiAlarms.slitter.lowerScorer06Fault,BOOL,,,,Var,ReadWrite,27
.hmiAlarms.slitter.lowerScorer07Fault,BOOL,,,,Var,ReadWrite,28
.hmiAlarms.slitter.lowerScorer08Fault,BOOL,,,,Var,ReadWrite,29
.hmiAlarms.slitter.lowerScorer09Fault,BOOL,,,,Var,ReadWrite,30
.hmiAlarms.slitter.lowerScorer10Fault,BOOL,,,,Var,ReadWrite,31
.hmiAlarms.slitter.lowerScorer12Fault,BOOL,,,,Var,ReadWrite,32
.hmiAlarms.slitter.scorerTractionFault,BOOL,,,,Var,ReadWrite,33
.hmiAlarms.slitter.knifeTractionFault,BOOL,,,,Var,ReadWrite,34
.hmiAlarms.slitter.scorerHeightAxisFault,BOOL,,,,Var,ReadWrite,35
.hmiAlarms.slitter.scrapTrimOperatorSideFault,BOOL,,,,Var,ReadWrite,36
.hmiAlarms.slitter.scrapTrimDriveSideFault,BOOL,,,,Var,ReadWrite,37
.hmiAlarms.rotaryKnife.exitGuardOpen,BOOL,,,,Var,ReadWrite,38
.hmiAlarms.rotaryKnife.infeedGuardOpen,BOOL,,,,Var,ReadWrite,39
.hmiAlarms.rotaryKnife.exhaustDepressurized,BOOL,,,,Var,ReadWrite,40
.hmiAlarms.rotaryKnife.upperKnifeGuardClosed,BOOL,,,,Var,ReadWrite,41
.hmiAlarms.rotaryKnife.upperKnifeOilLevelLow,BOOL,,,,Var,ReadWrite,42
.hmiAlarms.rotaryKnife.upperKnifeJamDetected,BOOL,,,,Var,ReadWrite,43
.hmiAlarms.rotaryKnife.upperKnifeInfeedDrvOK,BOOL,,,,Var,ReadWrite,44
.hmiAlarms.rotaryKnife.upperKnifeOutfeedDrvOK,BOOL,,,,Var,ReadWrite,45
.hmiAlarms.rotaryKnife.upperKnifeMainDrvOK,BOOL,,,,Var,ReadWrite,46
.hmiAlarms.rotaryKnife.upperKnifeSlave1DrvOK,BOOL,,,,Var,ReadWrite,47
.hmiAlarms.rotaryKnife.upperKnifeSlave2DrvOK,BOOL,,,,Var,ReadWrite,48
.hmiAlarms.rotaryKnife.lowerKnifeGuardClosed,BOOL,,,,Var,ReadWrite,49
.hmiAlarms.rotaryKnife.lowerKnifeOilLevelLow,BOOL,,,,Var,ReadWrite,50
.hmiAlarms.rotaryKnife.lowerKnifeJamDetected,BOOL,,,,Var,ReadWrite,51
.hmiAlarms.rotaryKnife.lowerKnifeInfeedDrvOK,BOOL,,,,Var,ReadWrite,52
.hmiAlarms.rotaryKnife.lowerKnifeOutfeedDrvOK,BOOL,,,,Var,ReadWrite,53
.hmiAlarms.rotaryKnife.lowerKnifeMainDrvOK,BOOL,,,,Var,ReadWrite,54
.hmiAlarms.rotaryKnife.lowerKnifeSlave1DrvOK,BOOL,,,,Var,ReadWrite,55
.hmiAlarms.rotaryKnife.lowerKnifeSlave2DrvOK,BOOL,,,,Var,ReadWrite,56
.hmiAlarms.rotaryKnife.upperKnifeNotActive,BOOL,,,,Var,ReadWrite,57
.hmiAlarms.rotaryKnife.lowerKnifeNotActive,BOOL,,,,Var,ReadWrite,58
.hmiAlarms.rotaryKnife.upperKnifeCutDisabled,BOOL,,,,Var,ReadWrite,59
.hmiAlarms.rotaryKnife.lowerKnifeCutDisabled,BOOL,,,,Var,ReadWrite,60
.hmiAlarms.slitter.knife1OutOfRange,BOOL,,,,Var,ReadWrite,61
.hmiAlarms.slitter.knife2OutOfRange,BOOL,,,,Var,ReadWrite,62
.hmiAlarms.slitter.knife3OutOfRange,BOOL,,,,Var,ReadWrite,63
.hmiAlarms.slitter.knife4OutOfRange,BOOL,,,,Var,ReadWrite,64
.hmiAlarms.slitter.knife5OutOfRange,BOOL,,,,Var,ReadWrite,65
.hmiAlarms.slitter.scorer1OutOfRange,BOOL,,,,Var,ReadWrite,66
.hmiAlarms.slitter.scorer2OutOfRange,BOOL,,,,Var,ReadWrite,67
.hmiAlarms.slitter.scorer3OutOfRange,BOOL,,,,Var,ReadWrite,68
.hmiAlarms.slitter.scorer4OutOfRange,BOOL,,,,Var,ReadWrite,69
.hmiAlarms.slitter.scorer5OutOfRange,BOOL,,,,Var,ReadWrite,70
.hmiAlarms.slitter.scorer6OutOfRange,BOOL,,,,Var,ReadWrite,71
.hmiAlarms.slitter.scorer7OutOfRange,BOOL,,,,Var,ReadWrite,72
.hmiAlarms.slitter.scorer8OutOfRange,BOOL,,,,Var,ReadWrite,73
.hmiAlarms.lowerStacker.safetyCircuitNotOk,BOOL,,,,Var,ReadWrite,74
.hmiAlarms.lowerStacker.systemFaultActive,BOOL,,,,Var,ReadWrite,75
.hmiAlarms.lowerStacker.systemNotEnabled,BOOL,,,,Var,ReadWrite,76
.hmiAlarms.lowerStacker.sheetConveyor1DriveNotOk,BOOL,,,,Var,ReadWrite,77
.hmiAlarms.lowerStacker.sheetConveyor2DriveNotOk,BOOL,,,,Var,ReadWrite,78
.hmiAlarms.lowerStacker.sheetConveyor3DriveNotOk,BOOL,,,,Var,ReadWrite,79
.hmiAlarms.lowerStacker.sheetConveyorGroupFault,BOOL,,,,Var,ReadWrite,80
.hmiAlarms.lowerStacker.synchronizedConveyorsNotRunning,BOOL,,,,Var,ReadWrite,81
.hmiAlarms.lowerStacker.sheetStackSeparationNotReady,BOOL,,,,Var,ReadWrite,82
.hmiAlarms.lowerStacker.sheetStackSeparationActive,BOOL,,,,Var,ReadWrite,83
.hmiAlarms.lowerStacker.sheetStackBrakeActive,BOOL,,,,Var,ReadWrite,84
.hmiAlarms.lowerStacker.sheetStackDischargeFault,BOOL,,,,Var,ReadWrite,85
.hmiAlarms.lowerStacker.sheetStackDischargeLastCycleNotOk,BOOL,,,,Var,ReadWrite,86
.hmiAlarms.lowerStacker.sheetStackDischargeTimeout,BOOL,,,,Var,ReadWrite,87
.hmiAlarms.lowerStacker.sheetStackDischargeManualSkip,BOOL,,,,Var,ReadWrite,88
.hmiAlarms.lowerStacker.sheetStackDischargeConveyorDriveNotOk,BOOL,,,,Var,ReadWrite,89
.hmiAlarms.lowerStacker.sheetStackDischargeConveyorFault,BOOL,,,,Var,ReadWrite,90
.hmiAlarms.lowerStacker.backstopDriveNotOk,BOOL,,,,Var,ReadWrite,91
.hmiAlarms.lowerStacker.backstopFault,BOOL,,,,Var,ReadWrite,92
.hmiAlarms.lowerStacker.backstopNotHomed,BOOL,,,,Var,ReadWrite,93
.hmiAlarms.lowerStacker.backstopNotInPosition,BOOL,,,,Var,ReadWrite,94
.hmiAlarms.lowerStacker.backstopSafeMaxLimitActive,BOOL,,,,Var,ReadWrite,95
.hmiAlarms.lowerStacker.backstopSafeMinLimitActive,BOOL,,,,Var,ReadWrite,96
.hmiAlarms.lowerStacker.backstopMaxLimitActive,BOOL,,,,Var,ReadWrite,97
.hmiAlarms.lowerStacker.backstopMinLimitActive,BOOL,,,,Var,ReadWrite,98
.hmiAlarms.lowerStacker.backstopManualInterventionActive,BOOL,,,,Var,ReadWrite,99
.hmiAlarms.lowerStacker.conveyorLevelerDriveNotOk,BOOL,,,,Var,ReadWrite,100
.hmiAlarms.lowerStacker.conveyorLevelerFault,BOOL,,,,Var,ReadWrite,101
.hmiAlarms.lowerStacker.conveyorLevelerNotHomed,BOOL,,,,Var,ReadWrite,102
.hmiAlarms.lowerStacker.conveyorLevelerNotInPosition,BOOL,,,,Var,ReadWrite,103
.hmiAlarms.lowerStacker.conveyorLevelerUpperSafetyLimitActive,BOOL,,,,Var,ReadWrite,104
.hmiAlarms.lowerStacker.conveyorLevelerLowerSafetyLimitActive,BOOL,,,,Var,ReadWrite,105
.hmiAlarms.lowerStacker.conveyorLevelerUpperLimitActive,BOOL,,,,Var,ReadWrite,106
.hmiAlarms.lowerStacker.conveyorLevelerLowerLimitActive,BOOL,,,,Var,ReadWrite,107
.currentOrder.order1.sheetM1,INT,,,,Var,ReadWrite,108
.currentOrder.order1.sheetM3,INT,,,,Var,ReadWrite,109
.currentOrder.order1.sheetQuantity,INT,,,,Var,ReadWrite,110
.currentOrder.order1.numberOfCuts,DINT,,,,Var,ReadWrite,111
.currentOrder.order1.sheetM2,INT,,,,Var,ReadWrite,112
.currentOrder.order1.sheetM4,INT,,,,Var,ReadWrite,113
.currentOrder.order1.sheetM5,INT,,,,Var,ReadWrite,114
.currentOrder.order1.sheetLength,INT,,,,Var,ReadWrite,115
.currentOrder.order1.numberOfCutsProduced,DINT,,,,Var,ReadWrite,116
.currentOrder.order1.counterReset,BOOL,,,,Var,ReadWrite,117
.currentOrder.invertOrderSide,BOOL,,,,Var,ReadWrite,118
.currentOrder.order2.sheetM1,INT,,,,Var,ReadWrite,119
.currentOrder.levelSelector,INT,,,,Var,ReadWrite,120
.currentOrder.order2.sheetM3,INT,,,,Var,ReadWrite,121
.currentOrder.order2.sheetQuantity,INT,,,,Var,ReadWrite,122
.currentOrder.order2.numberOfCuts,DINT,,,,Var,ReadWrite,123
.currentOrder.order2.sheetM2,INT,,,,Var,ReadWrite,124
.currentOrder.order2.sheetM4,INT,,,,Var,ReadWrite,125
.currentOrder.order2.sheetM5,INT,,,,Var,ReadWrite,126
.currentOrder.order2.sheetLength,INT,,,,Var,ReadWrite,127
.currentOrder.order2.numberOfCutsProduced,DINT,,,,Var,ReadWrite,128
.currentOrder.order2.counterReset,BOOL,,,,Var,ReadWrite,129
.nextOrder.order1.sheetM1,INT,,,,Var,ReadWrite,130
.nextOrder.order1.sheetM3,INT,,,,Var,ReadWrite,131
.nextOrder.order1.sheetQuantity,INT,,,,Var,ReadWrite,132
.nextOrder.order1.numberOfCuts,DINT,,,,Var,ReadWrite,133
.nextOrder.order1.sheetM2,INT,,,,Var,ReadWrite,134
.nextOrder.order1.sheetM4,INT,,,,Var,ReadWrite,135
.nextOrder.order1.sheetM5,INT,,,,Var,ReadWrite,136
.nextOrder.order1.sheetLength,INT,,,,Var,ReadWrite,137
.nextOrder.invertOrderSide,BOOL,,,,Var,ReadWrite,138
.nextOrder.order2.sheetM1,INT,,,,Var,ReadWrite,139
.nextOrder.levelSelector,INT,,,,Var,ReadWrite,140
.nextOrder.order2.sheetM3,INT,,,,Var,ReadWrite,141
.nextOrder.order2.sheetQuantity,INT,,,,Var,ReadWrite,142
.nextOrder.order2.numberOfCuts,DINT,,,,Var,ReadWrite,143
.nextOrder.order2.sheetM2,INT,,,,Var,ReadWrite,144
.nextOrder.order2.sheetM4,INT,,,,Var,ReadWrite,145
.nextOrder.order2.sheetM5,INT,,,,Var,ReadWrite,146
.nextOrder.order2.sheetLength,INT,,,,Var,ReadWrite,147
.currentOrder.lineSpeed,REAL,,,,Var,ReadWrite,148
.currentOrder.order2.sheetType,INT,,,,Var,ReadWrite,149
.currentOrder.order1.sheetType,INT,,,,Var,ReadWrite,150
.nextOrder.order1.sheetType,INT,,,,Var,ReadWrite,151
.nextOrder.order2.sheetType,INT,,,,Var,ReadWrite,152
.currentOrder.changeOrderRequest,BOOL,,,,Var,ReadWrite,153
.currentOrder.order1.pileQuantity,INT,,,,Var,ReadWrite,154
.currentOrder.order2.pileQuantity,INT,,,,Var,ReadWrite,155
.currentOrder.order1.pileQuantityProduced,INT,,,,Var,ReadWrite,156
.currentOrder.order2.pileQuantityProduced,INT,,,,Var,ReadWrite,157
.nextOrder.order1.pileQuantity,INT,,,,Var,ReadWrite,158
.nextOrder.order2.pileQuantity,INT,,,,Var,ReadWrite,159
.hmiCommands.upperKnife.powerONCmd,BOOL,,,,Var,ReadWrite,160
.hmiCommands.upperKnife.powerOFFCmd,BOOL,,,,Var,ReadWrite,161
.hmiCommands.upperKnife.cutCmd,BOOL,,,,Var,ReadWrite,162
.hmiCommands.lowerKnife.powerONCmd,BOOL,,,,Var,ReadWrite,163
.hmiCommands.lowerKnife.powerOFFCmd,BOOL,,,,Var,ReadWrite,164
.hmiCommands.lowerKnife.cutCmd,BOOL,,,,Var,ReadWrite,165
.hmiCommands.slitter1.enableAxisCmd,BOOL,,,,Var,ReadWrite,166
.hmiCommands.slitter1.resetCmd,BOOL,,,,Var,ReadWrite,167
.hmiCommands.slitter1.tractionMotorStartCmd,BOOL,,,,Var,ReadWrite,168
.hmiCommands.slitter1.tractionMotorStopCmd,BOOL,,,,Var,ReadWrite,169
.machineConfig.slitter1.knifeSharpeningDistance,INT,,,,Var,ReadWrite,170
.machineConfig.slitter1.knifeSharpeningTimeMS,INT,,,,Var,ReadWrite,171
.hmiCommands.slitter1.knifeManualSharpeningCmdArr,BOOL,[1..20],,,Var,ReadWrite,172
.hmiStatus.slitter1.knifeRunningMetersTotalArr,DINT,[1..7],,,Var,ReadWrite,173
.hmiStatus.slitter1.knifeRunningMetersArr,INT,[1..7],,,Var,ReadWrite,174
.machineConfig.slitter1.knifeLubrificationDistance,INT,,,,Var,ReadWrite,175
.machineConfig.slitter1.knifeLubrificationTimeMS,INT,,,,Var,ReadWrite,176
.hmiCommands.slitter1.knifeManualLubrificationCmdArr,BOOL,[1..20],,,Var,ReadWrite,177
.hmiStatus.slitter1.lubrificationRunningMetersArr,INT,[1..7],,,Var,ReadWrite,178
.hmiStatus.slitter1.flapSolenoidArr,BOOL,[1..27],,,Var,ReadWrite,179
.hmiCommands.slitter1.flapsManualCmdArr[1].upCmd,BOOL,,,,Var,ReadWrite,180
.hmiCommands.slitter1.flapsManualCmdArr[1].downCmd,BOOL,,,,Var,ReadWrite,181
.hmiCommands.slitter1.flapsManualCmdArr[2].upCmd,BOOL,,,,Var,ReadWrite,182
.hmiCommands.slitter1.flapsManualCmdArr[3].upCmd,BOOL,,,,Var,ReadWrite,183
.hmiCommands.slitter1.flapsManualCmdArr[4].upCmd,BOOL,,,,Var,ReadWrite,184
.hmiCommands.slitter1.flapsManualCmdArr[5].upCmd,BOOL,,,,Var,ReadWrite,185
.hmiCommands.slitter1.flapsManualCmdArr[6].upCmd,BOOL,,,,Var,ReadWrite,186
.hmiCommands.slitter1.flapsManualCmdArr[7].upCmd,BOOL,,,,Var,ReadWrite,187
.hmiCommands.slitter1.flapsManualCmdArr[8].upCmd,BOOL,,,,Var,ReadWrite,188
.hmiCommands.slitter1.flapsManualCmdArr[9].upCmd,BOOL,,,,Var,ReadWrite,189
.hmiCommands.slitter1.flapsManualCmdArr[10].upCmd,BOOL,,,,Var,ReadWrite,190
.hmiCommands.slitter1.flapsManualCmdArr[11].upCmd,BOOL,,,,Var,ReadWrite,191
.hmiCommands.slitter1.flapsManualCmdArr[12].upCmd,BOOL,,,,Var,ReadWrite,192
.hmiCommands.slitter1.flapsManualCmdArr[13].upCmd,BOOL,,,,Var,ReadWrite,193
.hmiCommands.slitter1.flapsManualCmdArr[14].upCmd,BOOL,,,,Var,ReadWrite,194
.hmiCommands.slitter1.flapsManualCmdArr[2].downCmd,BOOL,,,,Var,ReadWrite,195
.hmiCommands.slitter1.flapsManualCmdArr[3].downCmd,BOOL,,,,Var,ReadWrite,196
.hmiCommands.slitter1.flapsManualCmdArr[4].downCmd,BOOL,,,,Var,ReadWrite,197
.hmiCommands.slitter1.flapsManualCmdArr[5].downCmd,BOOL,,,,Var,ReadWrite,198
.hmiCommands.slitter1.flapsManualCmdArr[6].downCmd,BOOL,,,,Var,ReadWrite,199
.hmiCommands.slitter1.flapsManualCmdArr[7].downCmd,BOOL,,,,Var,ReadWrite,200
.hmiCommands.slitter1.flapsManualCmdArr[8].downCmd,BOOL,,,,Var,ReadWrite,201
.hmiCommands.slitter1.flapsManualCmdArr[9].downCmd,BOOL,,,,Var,ReadWrite,202
.hmiCommands.slitter1.flapsManualCmdArr[10].downCmd,BOOL,,,,Var,ReadWrite,203
.hmiCommands.slitter1.flapsManualCmdArr[11].downCmd,BOOL,,,,Var,ReadWrite,204
.hmiCommands.slitter1.flapsManualCmdArr[12].downCmd,BOOL,,,,Var,ReadWrite,205
.hmiCommands.slitter1.flapsManualCmdArr[13].downCmd,BOOL,,,,Var,ReadWrite,206
.hmiCommands.slitter1.flapsManualCmdArr[14].downCmd,BOOL,,,,Var,ReadWrite,207
.hmiCommands.slitter1.flapsAllUP,BOOL,,,,Var,ReadWrite,208
.hmiCommands.slitter1.flapsAllDown,BOOL,,,,Var,ReadWrite,209
.hmiCommands.slitter1.flapsSetAuto,BOOL,,,,Var,ReadWrite,210
.hmiCommands.slitter1.flapsInvertDirection,BOOL,,,,Var,ReadWrite,211
.hmiCommands.slitter1.knifePosCorrectionArr[1].positionCorrection,REAL,,,,Var,ReadWrite,212
.hmiCommands.slitter1.knifePosCorrectionArr[1].execute,BOOL,,,,Var,ReadWrite,213
.hmiCommands.slitter1.knifePosCorrectionArr[2].positionCorrection,REAL,,,,Var,ReadWrite,214
.hmiCommands.slitter1.knifePosCorrectionArr[3].positionCorrection,REAL,,,,Var,ReadWrite,215
.hmiCommands.slitter1.knifePosCorrectionArr[4].positionCorrection,REAL,,,,Var,ReadWrite,216
.hmiCommands.slitter1.knifePosCorrectionArr[5].positionCorrection,REAL,,,,Var,ReadWrite,217
.hmiCommands.slitter1.scorerPosCorrectionArr[3].positionCorrection,REAL,,,,Var,ReadWrite,218
.hmiCommands.slitter1.scorerPosCorrectionArr[3].execute,BOOL,,,,Var,ReadWrite,219
.hmiCommands.slitter1.scorerPosCorrectionArr[5].positionCorrection,REAL,,,,Var,ReadWrite,220
.hmiCommands.slitter1.scorerPosCorrectionArr[5].execute,BOOL,,,,Var,ReadWrite,221
.hmiCommands.slitter1.scorerPosCorrectionArr[7].positionCorrection,REAL,,,,Var,ReadWrite,222
.hmiCommands.slitter1.scorerPosCorrectionArr[7].execute,BOOL,,,,Var,ReadWrite,223
.hmiCommands.slitter1.scorerPosCorrectionArr[1].positionCorrection,REAL,,,,Var,ReadWrite,224
.hmiCommands.slitter1.scorerPosCorrectionArr[1].execute,BOOL,,,,Var,ReadWrite,225
.hmiCommands.slitter1.scorerPosCorrectionArr[4].positionCorrection,REAL,,,,Var,ReadWrite,226
.hmiCommands.slitter1.scorerPosCorrectionArr[4].execute,BOOL,,,,Var,ReadWrite,227
.hmiCommands.slitter1.scorerPosCorrectionArr[6].positionCorrection,REAL,,,,Var,ReadWrite,228
.hmiCommands.slitter1.scorerPosCorrectionArr[6].execute,BOOL,,,,Var,ReadWrite,229
.hmiCommands.slitter1.scorerPosCorrectionArr[8].positionCorrection,REAL,,,,Var,ReadWrite,230
.hmiCommands.slitter1.scorerPosCorrectionArr[8].execute,BOOL,,,,Var,ReadWrite,231
.hmiCommands.slitter1.scorerPosCorrectionArr[2].positionCorrection,REAL,,,,Var,ReadWrite,232
.hmiCommands.slitter1.scorerPosCorrectionArr[2].execute,BOOL,,,,Var,ReadWrite,233
.hmiCommands.slitter1.knifePosCorrectionArr[2].execute,BOOL,,,,Var,ReadWrite,234
.hmiCommands.slitter1.knifePosCorrectionArr[3].execute,BOOL,,,,Var,ReadWrite,235
.hmiCommands.slitter1.knifePosCorrectionArr[4].execute,BOOL,,,,Var,ReadWrite,236
.hmiCommands.slitter1.knifePosCorrectionArr[5].execute,BOOL,,,,Var,ReadWrite,237
.currentOrder.generatedOrder.knifePositionReferenceArr,REAL,[1..10],,,Var,ReadWrite,238
.currentOrder.generatedOrder.knifeEnabledArr,BOOL,[1..10],,,Var,ReadWrite,239
.currentOrder.generatedOrder.scorerPositionReferenceArr,REAL,[1..20],,,Var,ReadWrite,240
.currentOrder.generatedOrder.scorerEnabledArr,BOOL,[1..20],,,Var,ReadWrite,241
.hmiCommands.slitter1.outfeedRoll_UpCmd,BOOL,,,,Var,ReadWrite,242
.hmiCommands.slitter1.outfeedRoll_DownCmd,BOOL,,,,Var,ReadWrite,243
.hmiCommands.slitter1.outfeedRoll_ManCmd,BOOL,,,,Var,ReadWrite,244
.hmiCommands.slitter1.knifeJogArr[1].jogFw,BOOL,,,,Var,ReadWrite,245
.hmiCommands.slitter1.knifeJogArr[1].jogRev,BOOL,,,,Var,ReadWrite,246
.hmiCommands.slitter1.knifeJogArr[2].jogFw,BOOL,,,,Var,ReadWrite,247
.hmiCommands.slitter1.knifeJogArr[2].jogRev,BOOL,,,,Var,ReadWrite,248
.hmiCommands.slitter1.knifeJogArr[3].jogFw,BOOL,,,,Var,ReadWrite,249
.hmiCommands.slitter1.knifeJogArr[3].jogRev,BOOL,,,,Var,ReadWrite,250
.hmiCommands.slitter1.knifeJogArr[4].jogFw,BOOL,,,,Var,ReadWrite,251
.hmiCommands.slitter1.knifeJogArr[4].jogRev,BOOL,,,,Var,ReadWrite,252
.hmiCommands.slitter1.knifeJogArr[5].jogFw,BOOL,,,,Var,ReadWrite,253
.hmiCommands.slitter1.knifeJogArr[5].jogRev,BOOL,,,,Var,ReadWrite,254
.hmiCommands.slitter1.scorerJogArr[1].jogFw,BOOL,,,,Var,ReadWrite,255
.hmiCommands.slitter1.scorerJogArr[1].jogRev,BOOL,,,,Var,ReadWrite,256
.hmiCommands.slitter1.scorerJogArr[3].jogFw,BOOL,,,,Var,ReadWrite,257
.hmiCommands.slitter1.scorerJogArr[3].jogRev,BOOL,,,,Var,ReadWrite,258
.hmiCommands.slitter1.scorerJogArr[5].jogFw,BOOL,,,,Var,ReadWrite,259
.hmiCommands.slitter1.scorerJogArr[5].jogRev,BOOL,,,,Var,ReadWrite,260
.hmiCommands.slitter1.scorerJogArr[7].jogFw,BOOL,,,,Var,ReadWrite,261
.hmiCommands.slitter1.scorerJogArr[7].jogRev,BOOL,,,,Var,ReadWrite,262
.hmiCommands.slitter1.scorerJogArr[2].jogFw,BOOL,,,,Var,ReadWrite,263
.hmiCommands.slitter1.scorerJogArr[2].jogRev,BOOL,,,,Var,ReadWrite,264
.hmiCommands.slitter1.scorerJogArr[4].jogFw,BOOL,,,,Var,ReadWrite,265
.hmiCommands.slitter1.scorerJogArr[4].jogRev,BOOL,,,,Var,ReadWrite,266
.hmiCommands.slitter1.scorerJogArr[6].jogFw,BOOL,,,,Var,ReadWrite,267
.hmiCommands.slitter1.scorerJogArr[6].jogRev,BOOL,,,,Var,ReadWrite,268
.hmiCommands.slitter1.scorerJogArr[8].jogFw,BOOL,,,,Var,ReadWrite,269
.hmiCommands.slitter1.scorerJogArr[8].jogRev,BOOL,,,,Var,ReadWrite,270
.hmiCommands.lineControl.speedInc,BOOL,,,,Var,ReadWrite,271
.hmiCommands.lineControl.speedDec,BOOL,,,,Var,ReadWrite,272
.hmiCommands.lineControl.speedStop,BOOL,,,,Var,ReadWrite,273
.hmiCommands.lowerStacker.startCmd,BOOL,,,,Var,ReadWrite,274
.hmiCommands.lowerStacker.stopCmd,BOOL,,,,Var,ReadWrite,275
.hmiCommands.lowerStacker.sheetConveyorsSpeedUpCmd,BOOL,,,,Var,ReadWrite,276
.hmiCommands.lowerStacker.packageCompleteCmd,BOOL,,,,Var,ReadWrite,277
.hmiCommands.lowerStacker.sheetStackDischargeConveyorManualRunCmd,BOOL,,,,Var,ReadWrite,278
.hmiCommands.lowerStacker.backstopAutoCmd,BOOL,,,,Var,ReadWrite,279
.hmiCommands.lowerStacker.backstopCloseCmd,BOOL,,,,Var,ReadWrite,280
.hmiCommands.lowerStacker.backstopHomeCmd,BOOL,,,,Var,ReadWrite,281
.hmiCommands.lowerStacker.backstopOpenCmd,BOOL,,,,Var,ReadWrite,282
.hmiCommands.lowerStacker.backstopExecutePositioningCmd,BOOL,,,,Var,ReadWrite,283
.machineConfig.lowerStacker.backstopSheetLengthOffsetMm,REAL,,,,Var,ReadWrite,284
.hmiStatus.lowerStacker.backstopPositionMm,REAL,,,,Var,ReadWrite,285
.hmiCommands.lowerStacker.conveyorLevelerAutoCmd,BOOL,,,,Var,ReadWrite,286
.hmiCommands.lowerStacker.conveyorLevelerUpCmd,BOOL,,,,Var,ReadWrite,287
.hmiCommands.lowerStacker.conveyorLevelerHomeCmd,BOOL,,,,Var,ReadWrite,288
.hmiCommands.lowerStacker.conveyorLevelerDownCmd,BOOL,,,,Var,ReadWrite,289
.hmiStatus.lowerStacker.stackHeightMm,REAL,,,,Var,ReadWrite,290
.hmiStatus.lowerStacker.conveyorLevelerPositionMm,REAL,,,,Var,ReadWrite,291
.hmiCommands.upperStacker.startCmd,BOOL,,,,Var,ReadWrite,292
.hmiCommands.upperStacker.stopCmd,BOOL,,,,Var,ReadWrite,293
.hmiCommands.upperStacker.sheetConveyorsSpeedUpCmd,BOOL,,,,Var,ReadWrite,294
.hmiCommands.upperStacker.packageCompleteCmd,BOOL,,,,Var,ReadWrite,295
.hmiCommands.upperStacker.sheetStackDischargeConveyorManualRunCmd,BOOL,,,,Var,ReadWrite,296
.hmiCommands.upperStacker.backstopAutoCmd,BOOL,,,,Var,ReadWrite,297
.hmiCommands.upperStacker.backstopCloseCmd,BOOL,,,,Var,ReadWrite,298
.hmiCommands.upperStacker.backstopHomeCmd,BOOL,,,,Var,ReadWrite,299
.hmiCommands.upperStacker.backstopOpenCmd,BOOL,,,,Var,ReadWrite,300
.hmiCommands.upperStacker.backstopExecutePositioningCmd,BOOL,,,,Var,ReadWrite,301
.machineConfig.upperStacker.backstopSheetLengthOffsetMm,REAL,,,,Var,ReadWrite,302
.hmiStatus.upperStacker.backstopPositionMm,REAL,,,,Var,ReadWrite,303
.hmiCommands.upperStacker.elevatorAutoCmd,BOOL,,,,Var,ReadWrite,304
.hmiCommands.upperStacker.elevatorUpCmd,BOOL,,,,Var,ReadWrite,305
.hmiCommands.upperStacker.elevatorHomeCmd,BOOL,,,,Var,ReadWrite,306
.hmiCommands.upperStacker.elevatorDownCmd,BOOL,,,,Var,ReadWrite,307
.hmiStatus.upperStacker.elevatorPositionMm,REAL,,,,Var,ReadWrite,308
.machineConfig.slitter1.knifePositionCorrectionArr,REAL,[1..20],,,Var,ReadWrite,309
.machineConfig.slitter1.scorerPositionCorrectionArr,REAL,[1..20],,,Var,ReadWrite,310
.machineConfig.slitter1.scorerAlignmentCompensationArr,REAL,[1..20],,,Var,ReadWrite,311
.machineConfig.slitter1.arrFlapPosition,INT,[1..27],,,Var,ReadWrite,312
.machineConfig.slitter1.toolFastPositioningVelocity,LREAL,,,,Var,ReadWrite,313
.machineConfig.slitter1.toolFastPositioningAccel,LREAL,,,,Var,ReadWrite,314
.machineConfig.slitter1.toolFastPositioningDecel,LREAL,,,,Var,ReadWrite,315
.machineConfig.slitter1.toolFastPositioningJerk,LREAL,,,,Var,ReadWrite,316
.machineConfig.slitter1.knifeSpeedOffset,REAL,,,,Var,ReadWrite,317
.machineConfig.slitter1.scorerSpeedOffset,REAL,,,,Var,ReadWrite,318
.machineConfig.slitter1.scorerHeightArr,REAL,[1..5],,,Var,ReadWrite,319
.machineConfig.slitter1.fluteNameArr[1],STRING,,81,,Var,ReadWrite,320
.machineConfig.slitter1.fluteNameArr[2],STRING,,81,,Var,ReadWrite,321
.machineConfig.slitter1.fluteNameArr[3],STRING,,81,,Var,ReadWrite,322
.machineConfig.slitter1.fluteNameArr[4],STRING,,81,,Var,ReadWrite,323
.machineConfig.slitter1.fluteNameArr[5],STRING,,81,,Var,ReadWrite,324
.machineConfig.upperKnife.speedCurve[10].sheetLength,REAL,,,,Var,ReadWrite,325
.machineConfig.upperKnife.speedCurve[10].machineSpeed,REAL,,,,Var,ReadWrite,326
.machineConfig.upperKnife.speedCurve[1].sheetLength,REAL,,,,Var,ReadWrite,327
.machineConfig.upperKnife.speedCurve[1].machineSpeed,REAL,,,,Var,ReadWrite,328
.machineConfig.upperKnife.speedCurve[2].sheetLength,REAL,,,,Var,ReadWrite,329
.machineConfig.upperKnife.speedCurve[2].machineSpeed,REAL,,,,Var,ReadWrite,330
.machineConfig.upperKnife.speedCurve[3].sheetLength,REAL,,,,Var,ReadWrite,331
.machineConfig.upperKnife.speedCurve[3].machineSpeed,REAL,,,,Var,ReadWrite,332
.machineConfig.upperKnife.speedCurve[4].sheetLength,REAL,,,,Var,ReadWrite,333
.machineConfig.upperKnife.speedCurve[4].machineSpeed,REAL,,,,Var,ReadWrite,334
.machineConfig.upperKnife.speedCurve[5].sheetLength,REAL,,,,Var,ReadWrite,335
.machineConfig.upperKnife.speedCurve[5].machineSpeed,REAL,,,,Var,ReadWrite,336
.machineConfig.upperKnife.speedCurve[6].sheetLength,REAL,,,,Var,ReadWrite,337
.machineConfig.upperKnife.speedCurve[6].machineSpeed,REAL,,,,Var,ReadWrite,338
.machineConfig.upperKnife.speedCurve[7].sheetLength,REAL,,,,Var,ReadWrite,339
.machineConfig.upperKnife.speedCurve[7].machineSpeed,REAL,,,,Var,ReadWrite,340
.machineConfig.upperKnife.speedCurve[8].sheetLength,REAL,,,,Var,ReadWrite,341
.machineConfig.upperKnife.speedCurve[8].machineSpeed,REAL,,,,Var,ReadWrite,342
.machineConfig.upperKnife.speedCurve[9].sheetLength,REAL,,,,Var,ReadWrite,343
.machineConfig.upperKnife.speedCurve[9].machineSpeed,REAL,,,,Var,ReadWrite,344
.machineConfig.upperKnife.infeedRollSpeedOffset,REAL,,,,Var,ReadWrite,345
.machineConfig.upperKnife.outfeedRollSpeedOffset,REAL,,,,Var,ReadWrite,346
.machineConfig.upperKnife.minLineSpeed,REAL,,,,Var,ReadWrite,347
.machineConfig.lowerKnife.speedCurve[10].sheetLength,REAL,,,,Var,ReadWrite,348
.machineConfig.lowerKnife.speedCurve[10].machineSpeed,REAL,,,,Var,ReadWrite,349
.machineConfig.lowerKnife.speedCurve[1].sheetLength,REAL,,,,Var,ReadWrite,350
.machineConfig.lowerKnife.speedCurve[1].machineSpeed,REAL,,,,Var,ReadWrite,351
.machineConfig.lowerKnife.speedCurve[2].sheetLength,REAL,,,,Var,ReadWrite,352
.machineConfig.lowerKnife.speedCurve[2].machineSpeed,REAL,,,,Var,ReadWrite,353
.machineConfig.lowerKnife.speedCurve[3].sheetLength,REAL,,,,Var,ReadWrite,354
.machineConfig.lowerKnife.speedCurve[3].machineSpeed,REAL,,,,Var,ReadWrite,355
.machineConfig.lowerKnife.speedCurve[4].sheetLength,REAL,,,,Var,ReadWrite,356
.machineConfig.lowerKnife.speedCurve[4].machineSpeed,REAL,,,,Var,ReadWrite,357
.machineConfig.lowerKnife.speedCurve[5].sheetLength,REAL,,,,Var,ReadWrite,358
.machineConfig.lowerKnife.speedCurve[5].machineSpeed,REAL,,,,Var,ReadWrite,359
.machineConfig.lowerKnife.speedCurve[6].sheetLength,REAL,,,,Var,ReadWrite,360
.machineConfig.lowerKnife.speedCurve[6].machineSpeed,REAL,,,,Var,ReadWrite,361
.machineConfig.lowerKnife.speedCurve[7].sheetLength,REAL,,,,Var,ReadWrite,362
.machineConfig.lowerKnife.speedCurve[7].machineSpeed,REAL,,,,Var,ReadWrite,363
.machineConfig.lowerKnife.speedCurve[8].sheetLength,REAL,,,,Var,ReadWrite,364
.machineConfig.lowerKnife.speedCurve[8].machineSpeed,REAL,,,,Var,ReadWrite,365
.machineConfig.lowerKnife.speedCurve[9].sheetLength,REAL,,,,Var,ReadWrite,366
.machineConfig.lowerKnife.speedCurve[9].machineSpeed,REAL,,,,Var,ReadWrite,367
.machineConfig.lowerKnife.infeedRollSpeedOffset,REAL,,,,Var,ReadWrite,368
.machineConfig.lowerKnife.outfeedRollSpeedOffset,REAL,,,,Var,ReadWrite,369
.machineConfig.lowerKnife.minLineSpeed,REAL,,,,Var,ReadWrite,370
.machineConfig.automaticOrderChange.automaticOrderChangeSpeed,REAL,,,,Var,ReadWrite,371
.machineConfig.automaticOrderChange.automaticOrderChangeSpeedMult,REAL,,,,Var,ReadWrite,372
.machineConfig.automaticOrderChange.rotaryKnifeSpeedMult,REAL,,,,Var,ReadWrite,373
.machineConfig.automaticOrderChange.slitterSpeedMult,REAL,,,,Var,ReadWrite,374
.machineConfig.automaticOrderChange.rampUpTimeSec,REAL,,,,Var,ReadWrite,375
.machineConfig.automaticOrderChange.rampDownTimeSec,REAL,,,,Var,ReadWrite,376
.machineConfig.automaticOrderChange.slitterPaperPresenceDelay,UDINT,,,,Var,ReadWrite,377
.machineConfig.automaticOrderChange.stackerDischargeDelay,UDINT,,,,Var,ReadWrite,378
.hmiCommands.slitter1.executeHomeCmd,BOOL,,,,Var,ReadWrite,379
.hmiCommands.slitter1.executePositioningCmd,BOOL,,,,Var,ReadWrite,380
.currentOrder.aocRequest,BOOL,,,,Var,ReadWrite,381
.hmiCommands.slitter1.scorerHeightIncCmd,BOOL,,,,Var,ReadWrite,382
.hmiCommands.slitter1.scorerHeightDecCmd,BOOL,,,,Var,ReadWrite,383
.currentOrder.linearMetersRemaining,REAL,,,,Var,ReadWrite,384
.currentOrder.linearMeters,REAL,,,,Var,ReadWrite,385
.hmiStatus.slitter1.scorerHeight,REAL,,,,Var,ReadWrite,386
.hmiStatus.alarmActive,BOOL,,,,Var,ReadWrite,387
